exam,section,topic,concept
CAT,DATA_INTERPRETATION_AND_LOGICAL_REASONING,CODING_DECODING,CODING_DECODING
CAT,DATA_INTERPRETATION_AND_LOGICAL_REASONING,DATA_CASELET,DATA_CASELET
CAT,DATA_INTERPRETATION_AND_LOGICAL_REASONING,DATA_TABLES,DATA_TABLES
CAT,DATA_INTERPRETATION_AND_LOGICAL_REASONING,GAMES_AND_TOURNAMENTS,GAMES_AND_TOURNAMENTS
CAT,DATA_INTERPRETATION_AND_LOGICAL_REASONING,GRAPHS,GRAPHS
CAT,DATA_INTERPRETATION_AND_LOGICAL_REASONING,PUZZLES,PUZZLES
CAT,DATA_INTERPRETATION_AND_LOGICAL_REASONING,SEATING_ARRANGEMENT,SEATING_ARRANGEMENT
CAT,DATA_INTERPRETATION_AND_LOGICAL_REASONING,TEAM_FORMATION,TEAM_FORMATION
CAT,DATA_INTERPRETATION_AND_LOGICAL_REASONING,VENN_DIAGRAMS,VENN_DIAGRAMS
CAT,QUANTITATIVE_ABILITY,ALGEBRA,ALGEBRAIC_EQUATIONS
CAT,QUANTITATIVE_ABILITY,ALGEBRA,AP_GP
CAT,QUANTITATIVE_ABILITY,ALGEBRA,INEQUALITIES
CAT,QUANTITATIVE_ABILITY,ALGEBRA,SIMPLE_EQUATIONS
CAT,QUANTITATIVE_ABILITY,AVERAGES,AVERAGES
CAT,QUANTITATIVE_ABILITY,GEOMETRY,CIRCLE
CAT,QUANTITATIVE_ABILITY,GEOMETRY,COORDINATE_GEOMETRY
CAT,QUANTITATIVE_ABILITY,GEOMETRY,QUADRILATERALS
CAT,QUANTITATIVE_ABILITY,GEOMETRY,TRIANGLES
CAT,QUANTITATIVE_ABILITY,INTEREST,COMPOUND_INTEREST
CAT,QUANTITATIVE_ABILITY,INTEREST,MIX_PROBLEM__INTEREST
CAT,QUANTITATIVE_ABILITY,INTEREST,SIMPLE_INTEREST
CAT,QUANTITATIVE_ABILITY,LOGARITHM,LOGARITHM
CAT,QUANTITATIVE_ABILITY,MAXIMA_AND_MINIMA,MAXIMA_AND_MINIMA
CAT,QUANTITATIVE_ABILITY,MENSURATION,PERIMETER_AREA_OF_2D_SHAPES
CAT,QUANTITATIVE_ABILITY,MENSURATION,SURFACE_AREA_VOLUME_OF_3D_SHAPES
CAT,QUANTITATIVE_ABILITY,MIXTURES_AND_ALLEGATIONS,MILK_AND_WATER_PROBLEM
CAT,QUANTITATIVE_ABILITY,MIXTURES_AND_ALLEGATIONS,MIXTURES_AND_ALLEGATIONS
CAT,QUANTITATIVE_ABILITY,NUMBER_SYSTEM,DIVISIBILITY
CAT,QUANTITATIVE_ABILITY,NUMBER_SYSTEM,NUMBER_SYSTEM_BASICS
CAT,QUANTITATIVE_ABILITY,PERCENTAGE,PERCENTAGE_CHANGE
CAT,QUANTITATIVE_ABILITY,PERMUTATION_&_COMBINATION,PERMUTATION_AND_COMBINATION
CAT,QUANTITATIVE_ABILITY,PROFIT_AND_LOSS,DISCOUNT_PROBLEMS
CAT,QUANTITATIVE_ABILITY,PROFIT_AND_LOSS,PROFIT_LOSS_PERCENTAGE
CAT,QUANTITATIVE_ABILITY,RATIO_AND_PROPORTION,PROPORTION
CAT,QUANTITATIVE_ABILITY,RATIO_AND_PROPORTION,RATIO
CAT,QUANTITATIVE_ABILITY,TIME_AND_DISTANCE,AVERAGE_SPEED
CAT,QUANTITATIVE_ABILITY,TIME_AND_DISTANCE,"SPEED,_TIME_AND_DISTANCE"
CAT,QUANTITATIVE_ABILITY,TIME_AND_DISTANCE,TRAIN_PROBLEM
CAT,QUANTITATIVE_ABILITY,TIME_AND_WORK,EFFICIENCY_PROBLEM
CAT,QUANTITATIVE_ABILITY,TIME_AND_WORK,PIPE_AND_CISTERN
CAT,QUANTITATIVE_ABILITY,TIME_AND_WORK,TIME_AND_WORK
CAT,QUANTITATIVE_ABILITY,TRIGONOMETRY,HEIGHT_AND_DISTANCE
CAT,QUANTITATIVE_ABILITY,TRIGONOMETRY,TRIGONOMETRY
CAT,VERBAL_ABILITY_AND_READING_COMPREHENSION,COMPREHENSION_PASSAGE,COMPREHENSION_PASSAGE
CAT,VERBAL_ABILITY_AND_READING_COMPREHENSION,COMPREHENSION_PASSAGE,INFERENCE__COMPREHENSION_PASSAGE
CAT,VERBAL_ABILITY_AND_READING_COMPREHENSION,COMPREHENSION_PASSAGE,VOCABULARY__COMPREHENSION_PASSAGE
CAT,VERBAL_ABILITY_AND_READING_COMPREHENSION,ONE_WORD_SUBSTITUTION,ONE_WORD_SUBSTITUTION
CAT,VERBAL_ABILITY_AND_READING_COMPREHENSION,PARA_JUMBLE,PARA_JUMBLE
CAT,VERBAL_ABILITY_AND_READING_COMPREHENSION,PARA_JUMBLE,PARA_JUMBLE_ODD_ONE_OUT
CAT,VERBAL_ABILITY_AND_READING_COMPREHENSION,PARA_SUMMARY,PARA_SUMMARY
CAT,VERBAL_ABILITY_AND_READING_COMPREHENSION,SENTENCE_IMPROVEMENT,SENTENCE_IMPROVEMENT
CAT,VERBAL_ABILITY_AND_READING_COMPREHENSION,SPOT_THE_ERROR,SPOT_THE_ERROR
DATA_SCIENCE_AND_MACHINE_LEARN,NATURAL_LANGUAGE_PROCESSING,BERT,BERT
DATA_SCIENCE_AND_MACHINE_LEARN,NATURAL_LANGUAGE_PROCESSING,INFORMATION_EXTRACTION,NAMED_ENTITY_RECOGNITION
DATA_SCIENCE_AND_MACHINE_LEARN,NATURAL_LANGUAGE_PROCESSING,LANGUAGE_MODELS,N_GRAM_LANGUAGE_MODELS
DATA_SCIENCE_AND_MACHINE_LEARN,NATURAL_LANGUAGE_PROCESSING,MACHINE_TRANSLATION,MACHINE_TRANSLATION
DATA_SCIENCE_AND_MACHINE_LEARN,NATURAL_LANGUAGE_PROCESSING,PARSING,PARSING
DATA_SCIENCE_AND_MACHINE_LEARN,NATURAL_LANGUAGE_PROCESSING,PART_OF_SPEECH_TAGGING,PART_OF_SPEECH_TAGGING
DATA_SCIENCE_AND_MACHINE_LEARN,NATURAL_LANGUAGE_PROCESSING,SEMANTIC_ANALYSIS,SEMANTIC_ANALYSIS
DATA_SCIENCE_AND_MACHINE_LEARN,NATURAL_LANGUAGE_PROCESSING,SEQUENCE_LABELING,SEQUENCE_LABELING
DATA_SCIENCE_AND_MACHINE_LEARN,NATURAL_LANGUAGE_PROCESSING,TRANSFER_LEARNING,TRANSFER_LEARNING
DATA_SCIENCE_AND_MACHINE_LEARN,STATISTICS_FOR_ML,CENTRAL_TENDENCIES,MEAN
DATA_SCIENCE_AND_MACHINE_LEARN,STATISTICS_FOR_ML,CENTRAL_TENDENCIES,MEDIAN
DATA_SCIENCE_AND_MACHINE_LEARN,STATISTICS_FOR_ML,FEATURE_SCALING,MIN_MAX_SCALING
DATA_SCIENCE_AND_MACHINE_LEARN,STATISTICS_FOR_ML,FEATURE_SCALING,NORMALIZATION
DATA_SCIENCE_AND_MACHINE_LEARN,STATISTICS_FOR_ML,HYPOTHESIS_TESTING,CHI_SQUARED_TEST
DATA_SCIENCE_AND_MACHINE_LEARN,STATISTICS_FOR_ML,HYPOTHESIS_TESTING,CONFIDENCE_INTERVAL
DATA_SCIENCE_AND_MACHINE_LEARN,STATISTICS_FOR_ML,HYPOTHESIS_TESTING,HYPOTHESIS_TESTING_BASICS
DATA_SCIENCE_AND_MACHINE_LEARN,STATISTICS_FOR_ML,HYPOTHESIS_TESTING,T_TEST
DATA_SCIENCE_AND_MACHINE_LEARN,STATISTICS_FOR_ML,HYPOTHESIS_TESTING,Z_TEST
DATA_SCIENCE_AND_MACHINE_LEARN,STATISTICS_FOR_ML,PROBABILITY_DISTRIBUTIONS,BERNOULLI_DISTRIBUTION
DATA_SCIENCE_AND_MACHINE_LEARN,STATISTICS_FOR_ML,PROBABILITY_DISTRIBUTIONS,BINOMIAL_DISTRIBUTION
DATA_SCIENCE_AND_MACHINE_LEARN,STATISTICS_FOR_ML,PROBABILITY_DISTRIBUTIONS,CHI_SQUARED_DISTRIBUTION
DATA_SCIENCE_AND_MACHINE_LEARN,STATISTICS_FOR_ML,PROBABILITY_DISTRIBUTIONS,GAUSSIAN_DISTRIBUTION
DATA_SCIENCE_AND_MACHINE_LEARN,STATISTICS_FOR_ML,PROBABILITY_DISTRIBUTIONS,POISSON_DISTRIBUTION
DATA_SCIENCE_AND_MACHINE_LEARN,STATISTICS_FOR_ML,PROBABILITY_DISTRIBUTIONS,T_DISTRIBUTION
DATA_SCIENCE_AND_MACHINE_LEARN,STATISTICS_FOR_ML,RELATIONSHIP_WITH_VARIABLES,CO_VARIANCE
DATA_SCIENCE_AND_MACHINE_LEARN,STATISTICS_FOR_ML,RELATIONSHIP_WITH_VARIABLES,CORRELATION
DATA_SCIENCE_AND_MACHINE_LEARN,STATISTICS_FOR_ML,RELATIONSHIP_WITH_VARIABLES,MULTI_COLLINEARITY
DATA_SCIENCE_AND_MACHINE_LEARN,STATISTICS_FOR_ML,SAMPLING,CROSS_VALIDATION_
DATA_SCIENCE_AND_MACHINE_LEARN,STATISTICS_FOR_ML,SAMPLING,RANDOM_SAMPLING
DATA_SCIENCE_AND_MACHINE_LEARN,STATISTICS_FOR_ML,VARIABILITY,PERCENTILES
DATA_SCIENCE_AND_MACHINE_LEARN,STATISTICS_FOR_ML,VARIABILITY,QUANTILES
DATA_SCIENCE_AND_MACHINE_LEARN,SUPERVISED_LEARNING,BAYESIAN_ALGORITHM,GAUSSIAN_NAIVE_BAYES
DATA_SCIENCE_AND_MACHINE_LEARN,SUPERVISED_LEARNING,BAYESIAN_ALGORITHM,MULTINOMIAL_NAIVE_BAYES
DATA_SCIENCE_AND_MACHINE_LEARN,SUPERVISED_LEARNING,BAYESIAN_ALGORITHM,NAIVE_BAYES
DATA_SCIENCE_AND_MACHINE_LEARN,SUPERVISED_LEARNING,BIAS_VARIANCE_TRADEOFF,BIAS_VARIANCE_TRADEOFF
DATA_SCIENCE_AND_MACHINE_LEARN,SUPERVISED_LEARNING,DECISION_TREES,DECISION_TREES
DATA_SCIENCE_AND_MACHINE_LEARN,SUPERVISED_LEARNING,DECISION_TREES,REGRESSION_TREES
DATA_SCIENCE_AND_MACHINE_LEARN,SUPERVISED_LEARNING,DEEP_LEARNING,CNN
DATA_SCIENCE_AND_MACHINE_LEARN,SUPERVISED_LEARNING,DEEP_LEARNING,LSTM
DATA_SCIENCE_AND_MACHINE_LEARN,SUPERVISED_LEARNING,DEEP_LEARNING,RNN
DATA_SCIENCE_AND_MACHINE_LEARN,SUPERVISED_LEARNING,ENSEMBLE_ALGORITHMS,ADABOOST
DATA_SCIENCE_AND_MACHINE_LEARN,SUPERVISED_LEARNING,ENSEMBLE_ALGORITHMS,GRADIENT_BOOSTING_MACHINES
DATA_SCIENCE_AND_MACHINE_LEARN,SUPERVISED_LEARNING,ENSEMBLE_ALGORITHMS,RANDOM_FOREST
DATA_SCIENCE_AND_MACHINE_LEARN,SUPERVISED_LEARNING,GENERALIZED_LINEAR_MODELS,GENERALIZED_LINEAR_MODELS
DATA_SCIENCE_AND_MACHINE_LEARN,SUPERVISED_LEARNING,K-NEAREST_NEIGHBORS,K_NEAREST_NEIGHBORS
DATA_SCIENCE_AND_MACHINE_LEARN,SUPERVISED_LEARNING,LINEAR_REGRESSION,GRADIENT_DESCENT
DATA_SCIENCE_AND_MACHINE_LEARN,SUPERVISED_LEARNING,LINEAR_REGRESSION,LINEAR_REGRESSION
DATA_SCIENCE_AND_MACHINE_LEARN,SUPERVISED_LEARNING,LOGISTIC_REGRESSION,LOGISTIC_REGRESSION
DATA_SCIENCE_AND_MACHINE_LEARN,SUPERVISED_LEARNING,NEURAL_NETWORKS,BACK_PROPAGATION
DATA_SCIENCE_AND_MACHINE_LEARN,SUPERVISED_LEARNING,NEURAL_NETWORKS,MULTILAYER_PERCEPTRON
DATA_SCIENCE_AND_MACHINE_LEARN,SUPERVISED_LEARNING,NEURAL_NETWORKS,STOCHASTIC_GRADIENT_DESCENT
DATA_SCIENCE_AND_MACHINE_LEARN,SUPERVISED_LEARNING,PRACTICAL_ISSUES_IN_MACHINE_LEARNING,CROSS_VALIDATION
DATA_SCIENCE_AND_MACHINE_LEARN,SUPERVISED_LEARNING,PRACTICAL_ISSUES_IN_MACHINE_LEARNING,SAMPLING
DATA_SCIENCE_AND_MACHINE_LEARN,SUPERVISED_LEARNING,REGULARIZATION,ELASTIC_NET
DATA_SCIENCE_AND_MACHINE_LEARN,SUPERVISED_LEARNING,REGULARIZATION,LASSO
DATA_SCIENCE_AND_MACHINE_LEARN,SUPERVISED_LEARNING,REGULARIZATION,RIDGE_REGRESSION
DATA_SCIENCE_AND_MACHINE_LEARN,SUPERVISED_LEARNING,SUPPORT_VECTOR_MACHINES,KERNELS
DATA_SCIENCE_AND_MACHINE_LEARN,SUPERVISED_LEARNING,SUPPORT_VECTOR_MACHINES,SUPPORT_VECTOR_MACHINES
DATA_SCIENCE_AND_MACHINE_LEARN,UNSUPERVISED_LEARNING,ANOMALY_DETECTION,ANOMALY_DETECTION
DATA_SCIENCE_AND_MACHINE_LEARN,UNSUPERVISED_LEARNING,CLUSTERING,HIERARCHICAL_CLUSTERING
DATA_SCIENCE_AND_MACHINE_LEARN,UNSUPERVISED_LEARNING,CLUSTERING,K_MEANS_CLUSTERING
DATA_SCIENCE_AND_MACHINE_LEARN,UNSUPERVISED_LEARNING,CLUSTERING,K_MEDIAN_CLUSTERING
DATA_SCIENCE_AND_MACHINE_LEARN,UNSUPERVISED_LEARNING,DIMENSIONALITY_REDUCTION,LINEAR_DISCRIMINANT_ANALYSIS__LDA
DATA_SCIENCE_AND_MACHINE_LEARN,UNSUPERVISED_LEARNING,DIMENSIONALITY_REDUCTION,PARTIAL_LEAST_SQUARES_REGRESSION__PLSR
DATA_SCIENCE_AND_MACHINE_LEARN,UNSUPERVISED_LEARNING,DIMENSIONALITY_REDUCTION,PRINCIPAL_COMPONENT_ANALYSIS
DATA_SCIENCE_AND_MACHINE_LEARN,UNSUPERVISED_LEARNING,DIMENSIONALITY_REDUCTION,PRINCIPAL_COMPONENT_REGRESSION__PCR
DATA_SCIENCE_AND_MACHINE_LEARN,UNSUPERVISED_LEARNING,EXPECTATION_MAXIMISATION,EXPECTATION_MAXIMISATION_EM
DATA_SCIENCE_AND_MACHINE_LEARN,UNSUPERVISED_LEARNING,GENERATIVE_MODELS,GENERATIVE_MODELS
DATA_SCIENCE_AND_MACHINE_LEARN,UNSUPERVISED_LEARNING,RECOMMENDER_SYSTEMS,COLLABORATIVE_FILTERING
DATA_SCIENCE_AND_MACHINE_LEARN,UNSUPERVISED_LEARNING,RECOMMENDER_SYSTEMS,CONTENT_BASED_RECOMMENDATIONS
DATA_SCIENCE_AND_MACHINE_LEARN,UNSUPERVISED_LEARNING,RECOMMENDER_SYSTEMS,MATRIX_FACTORIZATION
IBPS_PO_PRELIMS,ENGLISH_LANGUAGE,CLOZE_TEST,VOCABULARY
IBPS_PO_PRELIMS,ENGLISH_LANGUAGE,COMPREHENSION_PASSAGE,INFERENCE__COMPREHENSION_PASSAGE
IBPS_PO_PRELIMS,ENGLISH_LANGUAGE,COMPREHENSION_PASSAGE,VOCABULARY__COMPREHENSION_PASSAGE
IBPS_PO_PRELIMS,ENGLISH_LANGUAGE,FILL_IN_THE_BLANKS,VOCABULARY__FILL_IN_THE_BLANKS
IBPS_PO_PRELIMS,ENGLISH_LANGUAGE,PHRASE_REPLACEMENT,GRAMMAR__PHRASE_REPLACEMENT
IBPS_PO_PRELIMS,ENGLISH_LANGUAGE,SPOT_THE_ERROR,ACTIVE_PASSIVE_VOICE__SPOT_THE_ERROR
IBPS_PO_PRELIMS,ENGLISH_LANGUAGE,SPOT_THE_ERROR,ADJECTIVES__SPOT_THE_ERROR
IBPS_PO_PRELIMS,ENGLISH_LANGUAGE,SPOT_THE_ERROR,ADVERBS__SPOT_THE_ERROR
IBPS_PO_PRELIMS,ENGLISH_LANGUAGE,SPOT_THE_ERROR,ARTICLES__SPOT_THE_ERROR
IBPS_PO_PRELIMS,ENGLISH_LANGUAGE,SPOT_THE_ERROR,NOUN_PRONOUN__SPOT_THE_ERROR
IBPS_PO_PRELIMS,ENGLISH_LANGUAGE,SPOT_THE_ERROR,SUBJECT_VERB_AGREEMENT__SPOT_THE_ERROR
IBPS_PO_PRELIMS,ENGLISH_LANGUAGE,SPOT_THE_ERROR,TENSES__SPOT_THE_ERROR
IBPS_PO_PRELIMS,ENGLISH_LANGUAGE,WORD_REPLACEMENT,ACTIVE_PASSIVE_VOICE__WORD_REPLACEMENT
IBPS_PO_PRELIMS,ENGLISH_LANGUAGE,WORD_REPLACEMENT,ADJECTIVES__WORD_REPLACEMENT
IBPS_PO_PRELIMS,ENGLISH_LANGUAGE,WORD_REPLACEMENT,ADVERBS__WORD_REPLACEMENT
IBPS_PO_PRELIMS,ENGLISH_LANGUAGE,WORD_REPLACEMENT,ARTICLES__WORD_REPLACEMENT
IBPS_PO_PRELIMS,ENGLISH_LANGUAGE,WORD_REPLACEMENT,NOUN_PRONOUN__WORD_REPLACEMENT
IBPS_PO_PRELIMS,ENGLISH_LANGUAGE,WORD_REPLACEMENT,SUBJECT_VERB_AGREEMENT__WORD_REPLACEMENT
IBPS_PO_PRELIMS,ENGLISH_LANGUAGE,WORD_REPLACEMENT,TENSES__WORD_REPLACEMENT
IBPS_PO_PRELIMS,ENGLISH_LANGUAGE,WORD_REPLACEMENT,VOCABULARY__WORD_REPLACEMENT
IBPS_PO_PRELIMS,QUANTITATIVE_APTITUDE,AVERAGES,AVERAGES
IBPS_PO_PRELIMS,QUANTITATIVE_APTITUDE,AVERAGES,SIMPLE_AVERAGE
IBPS_PO_PRELIMS,QUANTITATIVE_APTITUDE,DATA_INTERPRETATION,BAR_GRAPH
IBPS_PO_PRELIMS,QUANTITATIVE_APTITUDE,DATA_INTERPRETATION,HISTOGRAM
IBPS_PO_PRELIMS,QUANTITATIVE_APTITUDE,DATA_INTERPRETATION,PIE_CHART
IBPS_PO_PRELIMS,QUANTITATIVE_APTITUDE,DATA_INTERPRETATION,TABLE
IBPS_PO_PRELIMS,QUANTITATIVE_APTITUDE,INTEREST,COMPOUND_INTEREST
IBPS_PO_PRELIMS,QUANTITATIVE_APTITUDE,INTEREST,MIX_PROBLEM__INTEREST
IBPS_PO_PRELIMS,QUANTITATIVE_APTITUDE,INTEREST,SIMPLE_INTEREST
IBPS_PO_PRELIMS,QUANTITATIVE_APTITUDE,MENSURATION,PERIMETER_AREA_OF_2D_SHAPES
IBPS_PO_PRELIMS,QUANTITATIVE_APTITUDE,MENSURATION,SURFACE_AREA_VOLUME_OF_3D_SHAPES
IBPS_PO_PRELIMS,QUANTITATIVE_APTITUDE,MIXTURES_AND_ALLEGATIONS,ALLOY_BASED_PROBLEM
IBPS_PO_PRELIMS,QUANTITATIVE_APTITUDE,MIXTURES_AND_ALLEGATIONS,MILK_AND_WATER_PROBLEM
IBPS_PO_PRELIMS,QUANTITATIVE_APTITUDE,PERCENTAGE,PERCENTAGE
IBPS_PO_PRELIMS,QUANTITATIVE_APTITUDE,PERCENTAGE,PERCENTAGE_CHANGE
IBPS_PO_PRELIMS,QUANTITATIVE_APTITUDE,PROBABILITY,CARD_PROBLEMS
IBPS_PO_PRELIMS,QUANTITATIVE_APTITUDE,PROBABILITY,DICE_AND_COIN_PROBLEMS
IBPS_PO_PRELIMS,QUANTITATIVE_APTITUDE,PROBABILITY,DIVISIBILITY_PROBLEMS
IBPS_PO_PRELIMS,QUANTITATIVE_APTITUDE,PROBABILITY,PROBABILITY_WITH_REPLACEMENT
IBPS_PO_PRELIMS,QUANTITATIVE_APTITUDE,PROBABILITY,PROBABILITY_WITHOUT_REPLACEMENT
IBPS_PO_PRELIMS,QUANTITATIVE_APTITUDE,PROFIT_AND_LOSS,COST_PRICE_SELLING_PRICE
IBPS_PO_PRELIMS,QUANTITATIVE_APTITUDE,PROFIT_AND_LOSS,DISCOUNT_PROBLEMS
IBPS_PO_PRELIMS,QUANTITATIVE_APTITUDE,PROFIT_AND_LOSS,PROFIT_LOSS_PERCENTAGE
IBPS_PO_PRELIMS,QUANTITATIVE_APTITUDE,QUADRATIC_EQUATIONS,QUADRATIC_EQUATIONS
IBPS_PO_PRELIMS,QUANTITATIVE_APTITUDE,RATIO_AND_PROPORTION,AGE_PROBLEM
IBPS_PO_PRELIMS,QUANTITATIVE_APTITUDE,RATIO_AND_PROPORTION,PARTNERSHIP_PROBLEM
IBPS_PO_PRELIMS,QUANTITATIVE_APTITUDE,RATIO_AND_PROPORTION,PROPORTION
IBPS_PO_PRELIMS,QUANTITATIVE_APTITUDE,RATIO_AND_PROPORTION,RATIO
IBPS_PO_PRELIMS,QUANTITATIVE_APTITUDE,SERIES,COMPLETE_THE_SERIES
IBPS_PO_PRELIMS,QUANTITATIVE_APTITUDE,SERIES,MIXED_SERIES
IBPS_PO_PRELIMS,QUANTITATIVE_APTITUDE,SERIES,ODD_TERM_IN_SERIES
IBPS_PO_PRELIMS,QUANTITATIVE_APTITUDE,SIMPLIFICATION,ALGEBRAIC_FORMULAS
IBPS_PO_PRELIMS,QUANTITATIVE_APTITUDE,SIMPLIFICATION,BODMAS
IBPS_PO_PRELIMS,QUANTITATIVE_APTITUDE,SIMPLIFICATION,SURDS_AND_INDICES
IBPS_PO_PRELIMS,QUANTITATIVE_APTITUDE,TIME_AND_DISTANCE,BOAT_AND_STREAM
IBPS_PO_PRELIMS,QUANTITATIVE_APTITUDE,TIME_AND_DISTANCE,SPEED_TIME_AND_DISTANCE
IBPS_PO_PRELIMS,QUANTITATIVE_APTITUDE,TIME_AND_DISTANCE,TRAIN_PROBLEM
IBPS_PO_PRELIMS,QUANTITATIVE_APTITUDE,TIME_AND_WORK,EFFICIENCY_PROBLEM
IBPS_PO_PRELIMS,QUANTITATIVE_APTITUDE,TIME_AND_WORK,TIME_AND_WORK
IBPS_PO_PRELIMS,QUANTITATIVE_APTITUDE,VENN_DIAGRAM,VENN_DIAGRAM
IBPS_PO_PRELIMS,REASONING_ABILITY,BLOOD_RELATION,BLOOD_RELATION
IBPS_PO_PRELIMS,REASONING_ABILITY,CODED_INEQUALITIES,CODED_INEQUALITIES
IBPS_PO_PRELIMS,REASONING_ABILITY,CODING_DECODING,CODING_DECODING
IBPS_PO_PRELIMS,REASONING_ABILITY,DISTANCE_AND_DIRECTION,DISTANCE_AND_DIRECTION
IBPS_PO_PRELIMS,REASONING_ABILITY,INPUT_OUTPUT,INPUT_OUTPUT
IBPS_PO_PRELIMS,REASONING_ABILITY,LOGICAL_REASONING,LOGICAL_REASONING
IBPS_PO_PRELIMS,REASONING_ABILITY,PUZZLE,ARRANGEMENT__PUZZLE
IBPS_PO_PRELIMS,REASONING_ABILITY,PUZZLE,SEATING_ARRANGEMENT
IBPS_PO_PRELIMS,REASONING_ABILITY,SYLLOGISM,SYLLOGISM
PROGRAMMING_LANGUAGES,C,ARRAYS_AND_STRINGS,C_ARRAYS
PROGRAMMING_LANGUAGES,C,ARRAYS_AND_STRINGS,C_STRINGS
PROGRAMMING_LANGUAGES,C,BASICS,C_BASICS
PROGRAMMING_LANGUAGES,C,DATA_TYPES,C_DATA_TYPES
PROGRAMMING_LANGUAGES,C,FILE_OPERATIONS,C_FILE_OPERATIONS
PROGRAMMING_LANGUAGES,C,FUNCTIONS,C_FUNCTIONS
PROGRAMMING_LANGUAGES,C,LOOPS,C_FOR_LOOP
PROGRAMMING_LANGUAGES,C,LOOPS,C_WHILE_LOOP
PROGRAMMING_LANGUAGES,C,MEMORY_ALLOCATION,C_MEMORY_ALLOCATION
PROGRAMMING_LANGUAGES,C,OPERATORS_AND_EXPRESSIONS,C_EXPRESSIONS
PROGRAMMING_LANGUAGES,C,OPERATORS_AND_EXPRESSIONS,C_OPERATORS
PROGRAMMING_LANGUAGES,C,POINTERS,C_POINTERS
PROGRAMMING_LANGUAGES,C,RECURSION,C_RECURSION
PROGRAMMING_LANGUAGES,C,STRUCTURES_AND_ENUMS,C_ENUMS
PROGRAMMING_LANGUAGES,C,STRUCTURES_AND_ENUMS,C_STRUCTURES
PROGRAMMING_LANGUAGES,C,SWITCH_CASE,C_SWITCH_CASE
PROGRAMMING_LANGUAGES,C,VARIABLES_AND_DECLARATION,C_DECLARATION
PROGRAMMING_LANGUAGES,C,VARIABLES_AND_DECLARATION,C_VARIABLES
PROGRAMMING_LANGUAGES,CPP,ARRAYS_AND_STRINGS,CPP_ARRAYS
PROGRAMMING_LANGUAGES,CPP,ARRAYS_AND_STRINGS,CPP_STRINGS
PROGRAMMING_LANGUAGES,CPP,BASICS,CPP_BASICS
PROGRAMMING_LANGUAGES,CPP,CONSTRUCTORS_AND_DESTRUCTORS,CPP_CONSTRUCTORS
PROGRAMMING_LANGUAGES,CPP,CONSTRUCTORS_AND_DESTRUCTORS,CPP_DESTRUCTORS
PROGRAMMING_LANGUAGES,CPP,EXCEPTION_HANDLING,CPP_EXCEPTION_HANDLING
PROGRAMMING_LANGUAGES,CPP,FUNCTIONS,CPP_FUNCTION_OVERLOADING
PROGRAMMING_LANGUAGES,CPP,FUNCTIONS,CPP_FUNCTIONS
PROGRAMMING_LANGUAGES,CPP,LOOPS,CPP_LOOPS
PROGRAMMING_LANGUAGES,CPP,OOPS,CPP_ABSTRACT_CLASSES
PROGRAMMING_LANGUAGES,CPP,OOPS,CPP_ABSTRACTION
PROGRAMMING_LANGUAGES,CPP,OOPS,CPP_CLASSES
PROGRAMMING_LANGUAGES,CPP,OOPS,CPP_ENCAPSULATION
PROGRAMMING_LANGUAGES,CPP,OOPS,CPP_INHERITANCE
PROGRAMMING_LANGUAGES,CPP,OOPS,CPP_OBJECT
PROGRAMMING_LANGUAGES,CPP,OOPS,CPP_POLYMORPHISM
PROGRAMMING_LANGUAGES,CPP,POINTERS,CPP_POINTERS
PROGRAMMING_LANGUAGES,CPP,RECURSION,CPP_RECURSION
PROGRAMMING_LANGUAGES,JAVA,ARRAYS_AND_STRINGS,JAVA_ARRAYS
PROGRAMMING_LANGUAGES,JAVA,ARRAYS_AND_STRINGS,JAVA_STRINGS
PROGRAMMING_LANGUAGES,JAVA,BASICS,JAVA_BASICS
PROGRAMMING_LANGUAGES,JAVA,COLLECTIONS,JAVA_LISTS
PROGRAMMING_LANGUAGES,JAVA,COLLECTIONS,JAVA_MAPS
PROGRAMMING_LANGUAGES,JAVA,COLLECTIONS,JAVA_SETS
PROGRAMMING_LANGUAGES,JAVA,CONSTRUCTORS,JAVA_CONSTRUCTORS
PROGRAMMING_LANGUAGES,JAVA,DATA_TYPES_AND_ENUMS,JAVA_DATA_TYPES
PROGRAMMING_LANGUAGES,JAVA,DATA_TYPES_AND_ENUMS,JAVA_ENUMS
PROGRAMMING_LANGUAGES,JAVA,EXCEPTION_HANDLING,JAVA_EXCEPTION_HANDLING
PROGRAMMING_LANGUAGES,JAVA,FILE_OPERATIONS,JAVA_FILE_OPERATIONS
PROGRAMMING_LANGUAGES,JAVA,FUNCTIONS,JAVA_FUNCTIONS
PROGRAMMING_LANGUAGES,JAVA,LOOPS,JAVA_FOR_LOOP
PROGRAMMING_LANGUAGES,JAVA,LOOPS,JAVA_WHILE_LOOP
PROGRAMMING_LANGUAGES,JAVA,MULTI_THREADING,MULTI_THREADING
PROGRAMMING_LANGUAGES,JAVA,OOPS,JAVA_ABSTRACT_CLASSES
PROGRAMMING_LANGUAGES,JAVA,OOPS,JAVA_ABSTRACTION
PROGRAMMING_LANGUAGES,JAVA,OOPS,JAVA_CLASSES
PROGRAMMING_LANGUAGES,JAVA,OOPS,JAVA_ENCAPSULATION
PROGRAMMING_LANGUAGES,JAVA,OOPS,JAVA_INHERITANCE
PROGRAMMING_LANGUAGES,JAVA,OOPS,JAVA_OBJECT
PROGRAMMING_LANGUAGES,JAVA,OOPS,JAVA_POLYMORPHISM
PROGRAMMING_LANGUAGES,JAVA,OPERATORS,JAVA_OPERATORS
PROGRAMMING_LANGUAGES,JAVA,RECURSION,JAVA_RECURSION
PROGRAMMING_LANGUAGES,JAVA,REFERENCE,JAVA_REFERENCE
PROGRAMMING_LANGUAGES,JAVA,REGULAR_EXPRESSIONS,JAVA_REGULAR_EXPRESSIONS
PROGRAMMING_LANGUAGES,JAVA,SWITCH_CASE,JAVA_SWITCH_CASE
PROGRAMMING_LANGUAGES,JAVA,VARIABLES_AND_DECLARATION,JAVA_DECLARATION
PROGRAMMING_LANGUAGES,JAVA,VARIABLES_AND_DECLARATION,JAVA_VARIABLES
PROGRAMMING_LANGUAGES,PYTHON,BASICS,PYTHON_BASICS
PROGRAMMING_LANGUAGES,PYTHON,DATAFRAME,PYTHON_DATAFRAME
PROGRAMMING_LANGUAGES,PYTHON,DICTIONARY,PYTHON_DICTIONARY
PROGRAMMING_LANGUAGES,PYTHON,FUNCTIONS,PYTHON_FUNCTIONS
PROGRAMMING_LANGUAGES,PYTHON,FUNCTIONS,PYTHON_MAPS
PROGRAMMING_LANGUAGES,PYTHON,LISTS_AND_ARRAYS,PYTHON_ARRAYS
PROGRAMMING_LANGUAGES,PYTHON,LISTS_AND_ARRAYS,PYTHON_LISTS
PROGRAMMING_LANGUAGES,PYTHON,LOOPS,PYTHON_FOR_LOOPS
PROGRAMMING_LANGUAGES,PYTHON,LOOPS,PYTHON_WHILE_LOOPS
PROGRAMMING_LANGUAGES,PYTHON,MODULES,PYTHON_MODULES
PROGRAMMING_LANGUAGES,PYTHON,OOPS,PYTHON_ABSTRACT_CLASSES
PROGRAMMING_LANGUAGES,PYTHON,OOPS,PYTHON_ABSTRACTION
PROGRAMMING_LANGUAGES,PYTHON,OOPS,PYTHON_CLASSES
PROGRAMMING_LANGUAGES,PYTHON,OOPS,PYTHON_ENCAPSULATION
PROGRAMMING_LANGUAGES,PYTHON,OOPS,PYTHON_INHERITANCE
PROGRAMMING_LANGUAGES,PYTHON,OOPS,PYTHON_OBJECT
PROGRAMMING_LANGUAGES,PYTHON,OOPS,PYTHON_POLYMORPHISM
PROGRAMMING_LANGUAGES,PYTHON,OPERATORS,PYTHON_OPERATORS
PROGRAMMING_LANGUAGES,PYTHON,REGULAR_EXPRESSIONS,PYTHON_REGULAR_EXPRESSIONS
PROGRAMMING_LANGUAGES,PYTHON,SETS_AND_TUPLES,PYTHON_SETS
PROGRAMMING_LANGUAGES,PYTHON,SETS_AND_TUPLES,PYTHON_TUPLES
PROGRAMMING_LANGUAGES,PYTHON,STRINGS,PYTHON_STRINGS
PROGRAMMING_LANGUAGES,PYTHON,VARIABLES,PYTHON_VARIABLES
RRB_NTPC,RRB_NTPC,ANALOGY,ANALOGY
RRB_NTPC,RRB_NTPC,ANALYTICAL_REASONING,ANALYTICAL_REASONING
RRB_NTPC,RRB_NTPC,AVERAGES,AVERAGES
RRB_NTPC,RRB_NTPC,BIOLOGY,BIOLOGY
RRB_NTPC,RRB_NTPC,BLOOD_RELATION,BLOOD_RELATION
RRB_NTPC,RRB_NTPC,CHEMISTRY,CHEMISTRY
RRB_NTPC,RRB_NTPC,CODING_DECODING,CODING_DECODING
RRB_NTPC,RRB_NTPC,CURRENT_AFFAIRS,CURRENT_EVENTS_OF_NATIONAL_AND_INTERNATIONAL_IMPORTANCE
RRB_NTPC,RRB_NTPC,CURRENT_AFFAIRS,ECONOMY__CURRENT_AFFAIRS
RRB_NTPC,RRB_NTPC,CURRENT_AFFAIRS,FLAGSHIP_GOVERNMENT_PROGRAMS
RRB_NTPC,RRB_NTPC,CURRENT_AFFAIRS,GAMES_AND_SPORTS__CURRENT_AFFAIRS
RRB_NTPC,RRB_NTPC,CURRENT_AFFAIRS,MISCELLANEOUS__CURRENT_AFFAIRS
RRB_NTPC,RRB_NTPC,CURRENT_AFFAIRS,POLITY__CURRENT_AFFAIRS
RRB_NTPC,RRB_NTPC,CURRENT_AFFAIRS,SCIENCE_AND_TECHNOLOGY__CURRENT_AFFAIRS
RRB_NTPC,RRB_NTPC,DATA_INTERPRETATION,DI_TABULAR
RRB_NTPC,RRB_NTPC,DATA_SUFFICIENCY,DATA_SUFFICIENCY
RRB_NTPC,RRB_NTPC,ECONOMY,BASIC_ECONOMICS
RRB_NTPC,RRB_NTPC,ECONOMY,INDIAN_ECONOMY
RRB_NTPC,RRB_NTPC,ELEMENTARY_ALGEBRA,ALGEBRAIC_EXPRESSIONS
RRB_NTPC,RRB_NTPC,ELEMENTARY_ALGEBRA,SIMPLE_EQUATIONS
RRB_NTPC,RRB_NTPC,ELEMENTARY_STATISTICS,MEAN
RRB_NTPC,RRB_NTPC,ELEMENTARY_STATISTICS,MEDIAN
RRB_NTPC,RRB_NTPC,ELEMENTARY_STATISTICS,MODE
RRB_NTPC,RRB_NTPC,ELEMENTARY_STATISTICS,STANDARD_DEVIATION
RRB_NTPC,RRB_NTPC,GENERAL,EDUCATION_NEWS
RRB_NTPC,RRB_NTPC,GENERAL,EXAM_PREPARATION
RRB_NTPC,RRB_NTPC,GENERAL,INSPIRATION
RRB_NTPC,RRB_NTPC,GENERAL,MOTIVATION
RRB_NTPC,RRB_NTPC,GENERAL,RAILWAY_RECRUITMENT_2020
RRB_NTPC,RRB_NTPC,GENERAL,RRB_NTPC
RRB_NTPC,RRB_NTPC,GEOGRAPHY,EARTH_AND_ITS_ATMOSPHERE
RRB_NTPC,RRB_NTPC,GEOGRAPHY,ENVIRONMENTAL_AND_ECOLOGY
RRB_NTPC,RRB_NTPC,GEOGRAPHY,ENVIRONMENTAL_ISSUES
RRB_NTPC,RRB_NTPC,GEOGRAPHY,INDIAN_PHYSICAL_GEOGRAPHY
RRB_NTPC,RRB_NTPC,GEOGRAPHY,SOCIAL_AND_ECONOMIC_GEOGRAPHY_OF_INDIA_AND_WORLD
RRB_NTPC,RRB_NTPC,GEOGRAPHY,TRANSPORT_SYSTEM_IN_INDIA
RRB_NTPC,RRB_NTPC,GEOGRAPHY,UNIVERSE_AND_SOLAR_SYSTEM
RRB_NTPC,RRB_NTPC,GEOGRAPHY,WORLD_GEOGRAPHY
RRB_NTPC,RRB_NTPC,GEOMETRY,ANGLES
RRB_NTPC,RRB_NTPC,GEOMETRY,POLYGON
RRB_NTPC,RRB_NTPC,GEOMETRY,TRIANGLES
RRB_NTPC,RRB_NTPC,HISTORY,ART_AND_CULTURE_OF_INDIA
RRB_NTPC,RRB_NTPC,HISTORY,BUDDHISM_AND_JAINISM__ANCIENT_INDIA
RRB_NTPC,RRB_NTPC,HISTORY,DELHI_SULTANATE
RRB_NTPC,RRB_NTPC,HISTORY,FREEDOM_STRUGGLE
RRB_NTPC,RRB_NTPC,HISTORY,GANDHIAN_PHASE__MODERN_INDIA
RRB_NTPC,RRB_NTPC,HISTORY,GUPTA_DYNASTY_AND_SOUTH_INDIA__ANCIENT_INDIA
RRB_NTPC,RRB_NTPC,HISTORY,INC__MODERN_INDIA
RRB_NTPC,RRB_NTPC,HISTORY,INDIA_AFTER_INDEPENDENCE__MODERN_INDIA
RRB_NTPC,RRB_NTPC,HISTORY,INDIAN_LITERATURE
RRB_NTPC,RRB_NTPC,HISTORY,INDUS_VALLEY_CIVILIZATION__ANCIENT_INDIA
RRB_NTPC,RRB_NTPC,HISTORY,MAHAJANAPADAS__ANCIENT_INDIA
RRB_NTPC,RRB_NTPC,HISTORY,MONUMENTS_AND_PLACES_OF_INDIA
RRB_NTPC,RRB_NTPC,HISTORY,MUGHALS__MEDIEVAL_INDIA
RRB_NTPC,RRB_NTPC,HISTORY,PARTITION_OF_BENGAL__MODERN_INDIA
RRB_NTPC,RRB_NTPC,HISTORY,VEDIC_AGE__ANCIENT_INDIA
RRB_NTPC,RRB_NTPC,MAPS_AND_GRAPHS,MAPS_AND_GRAPHS
RRB_NTPC,RRB_NTPC,MATHEMATICAL_OPERATIONS,MATHEMATICAL_OPERATIONS
RRB_NTPC,RRB_NTPC,MENSURATION,PERIMETER_AREA_OF_2D_SHAPES
RRB_NTPC,RRB_NTPC,MENSURATION,SURFACE_AREA_VOLUME_OF_3D_SHAPES
RRB_NTPC,RRB_NTPC,MISCELLANEOUS,MISCELLANEOUS__REASONING
RRB_NTPC,RRB_NTPC,NUMBER_SYSTEM,DIVISIBILITY
RRB_NTPC,RRB_NTPC,NUMBER_SYSTEM,HCF
RRB_NTPC,RRB_NTPC,NUMBER_SYSTEM,LCM
RRB_NTPC,RRB_NTPC,NUMBER_SYSTEM,NUMBER_SYSTEM_BASICS
RRB_NTPC,RRB_NTPC,NUMBER_SYSTEM,PERFECT_SQUARE
RRB_NTPC,RRB_NTPC,NUMBER_SYSTEM,RATIONAL_NUMBER
RRB_NTPC,RRB_NTPC,PERCENTAGE,PERCENTAGE
RRB_NTPC,RRB_NTPC,PHYSICS,ENERGY
RRB_NTPC,RRB_NTPC,PHYSICS,PHYSICS
RRB_NTPC,RRB_NTPC,POLITY,CONSTITUTION
RRB_NTPC,RRB_NTPC,POLITY,POLITICAL_SYSTEM_OF_INDIA
RRB_NTPC,RRB_NTPC,PROFIT_AND_LOSS,COST_PRICE_SELLING_PRICE
RRB_NTPC,RRB_NTPC,PROFIT_AND_LOSS,DISCOUNT_PROBLEMS
RRB_NTPC,RRB_NTPC,PROFIT_AND_LOSS,PROFIT_LOSS_PERCENTAGE
RRB_NTPC,RRB_NTPC,PUZZLE,ARRANGEMENT__PUZZLE
RRB_NTPC,RRB_NTPC,PUZZLE,SEATING_ARRANGEMENT
RRB_NTPC,RRB_NTPC,QUIZZES,CURRENT_AFFAIR_QUIZ
RRB_NTPC,RRB_NTPC,RATIO_AND_PROPORTION,AGE_PROBLEM
RRB_NTPC,RRB_NTPC,RATIO_AND_PROPORTION,RATIO
RRB_NTPC,RRB_NTPC,SCIENCE_AND_TECHNOLOGY,COMPUTERS
RRB_NTPC,RRB_NTPC,SCIENCE_AND_TECHNOLOGY,SCIENTIFIC_DEVELOPMENTS
RRB_NTPC,RRB_NTPC,SERIES,COMPLETE_THE_SERIES
RRB_NTPC,RRB_NTPC,SERIES,MIXED_SERIES
RRB_NTPC,RRB_NTPC,SERIES,ODD_TERM_IN_SERIES
RRB_NTPC,RRB_NTPC,SIMILARITIES_AND_DIFFERENCES,ODD_ONE_OUT__REASONING
RRB_NTPC,RRB_NTPC,SIMPLE_AND_COMPOUND_INTEREST,COMPOUND_INTEREST
RRB_NTPC,RRB_NTPC,SIMPLE_AND_COMPOUND_INTEREST,MIX_PROBLEM__INTEREST
RRB_NTPC,RRB_NTPC,SIMPLE_AND_COMPOUND_INTEREST,SIMPLE_INTEREST
RRB_NTPC,RRB_NTPC,SIMPLIFICATION,ADDITION_SUBTRACTION
RRB_NTPC,RRB_NTPC,SIMPLIFICATION,BODMAS
RRB_NTPC,RRB_NTPC,SIMPLIFICATION,DIVISION_MULTIPLICATION
RRB_NTPC,RRB_NTPC,SIMPLIFICATION,SURDS_AND_INDICES
RRB_NTPC,RRB_NTPC,STATEMENT_AND_ASSUMPTION,STATEMENT_AND_ASSUMPTION
RRB_NTPC,RRB_NTPC,STATEMENT_AND_CONCLUSION,STATEMENT_AND_CONCLUSION
RRB_NTPC,RRB_NTPC,STATIC_GK,AWARDS
RRB_NTPC,RRB_NTPC,STATIC_GK,FAMOUS_PERSONALITIES
RRB_NTPC,RRB_NTPC,STATIC_GK,FIRSTS
RRB_NTPC,RRB_NTPC,STATIC_GK,GAMES_AND_SPORTS
RRB_NTPC,RRB_NTPC,STATIC_GK,IMPORTANT_DATES
RRB_NTPC,RRB_NTPC,STATIC_GK,IMPORTANT_GOVERNMENT_AND_PUBLIC_SECTOR_ORGANIZATIONS_OF_INDIA
RRB_NTPC,RRB_NTPC,STATIC_GK,UN_AND_OTHER_IMPORTANT_WORLD_ORGANIZATIONS
RRB_NTPC,RRB_NTPC,SYLLOGISM,SYLLOGISM
RRB_NTPC,RRB_NTPC,TIME_AND_DISTANCE,AVERAGE_SPEED
RRB_NTPC,RRB_NTPC,TIME_AND_DISTANCE,BOAT_AND_STREAM
RRB_NTPC,RRB_NTPC,TIME_AND_DISTANCE,SPEED_TIME_AND_DISTANCE
RRB_NTPC,RRB_NTPC,TIME_AND_DISTANCE,TRAIN_PROBLEM
RRB_NTPC,RRB_NTPC,TIME_AND_WORK,EFFICIENCY_PROBLEM
RRB_NTPC,RRB_NTPC,TIME_AND_WORK,PIPE_AND_CISTERN
RRB_NTPC,RRB_NTPC,TIME_AND_WORK,TIME_AND_WORK
RRB_NTPC,RRB_NTPC,TRIGONOMETRY,HEIGHT_AND_DISTANCE
RRB_NTPC,RRB_NTPC,TRIGONOMETRY,TRIGONOMETRY
RRB_NTPC,RRB_NTPC,UNDETERMINED,UNDETERMINED
RRB_NTPC,RRB_NTPC,VENN_DIAGRAM,VENN_DIAGRAM
SSC_CGL,ENGLISH_LANGUAGE,ACTIVE_PASSIVE_VOICE,ACTIVE_PASSIVE_VOICE
SSC_CGL,ENGLISH_LANGUAGE,ANTONYMS,ANTONYMS
SSC_CGL,ENGLISH_LANGUAGE,CLOZE_TEST,CLOZE_TEST
SSC_CGL,ENGLISH_LANGUAGE,COMPREHENSION_PASSAGE,COMPREHENSION_PASSAGE
SSC_CGL,ENGLISH_LANGUAGE,DIRECT__INDIRECT_NARRATION,DIRECT__INDIRECT_NARRATION
SSC_CGL,ENGLISH_LANGUAGE,FILL_IN_THE_BLANKS,FILL_IN_THE_BLANKS
SSC_CGL,ENGLISH_LANGUAGE,IDIOMS_AND_PHRASES,IDIOMS_AND_PHRASES
SSC_CGL,ENGLISH_LANGUAGE,ONE_WORD_SUBSTITUTION,ONE_WORD_SUBSTITUTION
SSC_CGL,ENGLISH_LANGUAGE,PARA_JUMBLE,PARA_JUMBLE
SSC_CGL,ENGLISH_LANGUAGE,PHRASE_REPLACEMENT,PHRASE_REPLACEMENT
SSC_CGL,ENGLISH_LANGUAGE,SENTENCE_IMPROVEMENT,SENTENCE_IMPROVEMENT
SSC_CGL,ENGLISH_LANGUAGE,SPELLINGS,SPELLINGS
SSC_CGL,ENGLISH_LANGUAGE,SPOT_THE_ERROR,SPOT_THE_ERROR
SSC_CGL,ENGLISH_LANGUAGE,SYNONYMS,SYNONYMS
SSC_CGL,GENERAL,SSC_CGL,SSC_CGL
SSC_CGL,GENERAL_AWARENESS,BIOLOGY,BIOLOGY
SSC_CGL,GENERAL_AWARENESS,CHEMISTRY,CHEMISTRY
SSC_CGL,GENERAL_AWARENESS,CURRENT_AFFAIRS,FLAGSHIP_GOVERNMENT_PROGRAMS
SSC_CGL,GENERAL_AWARENESS,CURRENT_AFFAIRS,GAMES_AND_SPORTS__CURRENT_AFFAIRS
SSC_CGL,GENERAL_AWARENESS,CURRENT_AFFAIRS,MISCELLANEOUS__CURRENT_AFFAIRS
SSC_CGL,GENERAL_AWARENESS,CURRENT_AFFAIRS,SCIENCE_AND_TECHNOLOGY__CURRENT_AFFAIRS
SSC_CGL,GENERAL_AWARENESS,ECONOMY,BASIC_ECONOMICS
SSC_CGL,GENERAL_AWARENESS,ECONOMY,INDIAN_ECONOMY
SSC_CGL,GENERAL_AWARENESS,GEOGRAPHY,EARTH_AND_ITS_ATMOSPHERE
SSC_CGL,GENERAL_AWARENESS,GEOGRAPHY,INDIAN_ECONOMIC_GEOGRAPHY
SSC_CGL,GENERAL_AWARENESS,GEOGRAPHY,INDIAN_PHYSICAL_GEOGRAPHY
SSC_CGL,GENERAL_AWARENESS,GEOGRAPHY,MOUNTAINS
SSC_CGL,GENERAL_AWARENESS,GEOGRAPHY,NATIONAL_PARKS_WILDLIFE_SANCTUARY
SSC_CGL,GENERAL_AWARENESS,GEOGRAPHY,NATURAL_DISASTERS
SSC_CGL,GENERAL_AWARENESS,GEOGRAPHY,RIVERS
SSC_CGL,GENERAL_AWARENESS,GEOGRAPHY,UNIVERSE_AND_SOLAR_SYSTEM
SSC_CGL,GENERAL_AWARENESS,GEOGRAPHY,WORLD_ECONOMIC_GEOGRAPHY
SSC_CGL,GENERAL_AWARENESS,HISTORY,ANCIENT_HISTORY
SSC_CGL,GENERAL_AWARENESS,HISTORY,ART_AND_CULTURE_OF_INDIA
SSC_CGL,GENERAL_AWARENESS,HISTORY,BUDDHISM_AND_JAINISM__ANCIENT_INDIA
SSC_CGL,GENERAL_AWARENESS,HISTORY,DELHI_SULTANATE
SSC_CGL,GENERAL_AWARENESS,HISTORY,FREEDOM_STRUGGLE
SSC_CGL,GENERAL_AWARENESS,HISTORY,GUPTA_DYNASTY_AND_SOUTH_INDIA__ANCIENT_INDIA
SSC_CGL,GENERAL_AWARENESS,HISTORY,INDIAN_LITERATURE
SSC_CGL,GENERAL_AWARENESS,HISTORY,MUGHALS__MEDIEVAL_INDIA
SSC_CGL,GENERAL_AWARENESS,HISTORY,PARTITION_OF_BENGAL__MODERN_INDIA
SSC_CGL,GENERAL_AWARENESS,PHYSICS,PHYSICS
SSC_CGL,GENERAL_AWARENESS,POLITY,CONSTITUTION
SSC_CGL,GENERAL_AWARENESS,POLITY,POLITICAL_SYSTEM_OF_INDIA
SSC_CGL,GENERAL_AWARENESS,SCIENCE_AND_TECHNOLOGY,COMPUTERS
SSC_CGL,GENERAL_AWARENESS,SCIENCE_AND_TECHNOLOGY,SCIENTIFIC_DEVELOPMENTS
SSC_CGL,GENERAL_AWARENESS,STATIC_GK,AUTHORS_AND_BOOKS
SSC_CGL,GENERAL_AWARENESS,STATIC_GK,AWARDS
SSC_CGL,GENERAL_AWARENESS,STATIC_GK,CENSUS
SSC_CGL,GENERAL_AWARENESS,STATIC_GK,FAMOUS_PERSONALITIES
SSC_CGL,GENERAL_AWARENESS,STATIC_GK,GAMES_AND_SPORTS
SSC_CGL,GENERAL_AWARENESS,STATIC_GK,IMPORTANT_DATES
SSC_CGL,GENERAL_AWARENESS,STATIC_GK,MISCELLANEOUS_GK
SSC_CGL,GENERAL_INTELLIGENCE,ANALOGY,ALPHABET_ANALOGY
SSC_CGL,GENERAL_INTELLIGENCE,ANALOGY,FIGURE_ANALOGY
SSC_CGL,GENERAL_INTELLIGENCE,ANALOGY,NUMBER_ANALOGY
SSC_CGL,GENERAL_INTELLIGENCE,ANALOGY,SEMANTIC_ANALOGY
SSC_CGL,GENERAL_INTELLIGENCE,ANALYTICAL_REASONING,COUNTING_FIGURES
SSC_CGL,GENERAL_INTELLIGENCE,BLOOD_RELATION,BLOOD_RELATION
SSC_CGL,GENERAL_INTELLIGENCE,CODING_DECODING,CODING_DECODING
SSC_CGL,GENERAL_INTELLIGENCE,CRITICAL_THINKING,CRITICAL_THINKING
SSC_CGL,GENERAL_INTELLIGENCE,DISTANCE_AND_DIRECTION,DISTANCE_AND_DIRECTION
SSC_CGL,GENERAL_INTELLIGENCE,EMBEDDED_FIGURES,EMBEDDED_FIGURES
SSC_CGL,GENERAL_INTELLIGENCE,MATHEMATICAL_OPERATIONS,MATHEMATICAL_OPERATIONS
SSC_CGL,GENERAL_INTELLIGENCE,MIRROR_IMAGE,MIRROR_IMAGE
SSC_CGL,GENERAL_INTELLIGENCE,PATTERN_FOLDING__PUNCHED_HOLE,PATTERN_FOLDING__PUNCHED_HOLE
SSC_CGL,GENERAL_INTELLIGENCE,PROBLEM_SOLVING,ODD_DAYS
SSC_CGL,GENERAL_INTELLIGENCE,PROBLEM_SOLVING,PROBLEM_SOLVING
SSC_CGL,GENERAL_INTELLIGENCE,SERIES,COMPLETE_THE_SERIES
SSC_CGL,GENERAL_INTELLIGENCE,SERIES,FIGURAL_SERIES
SSC_CGL,GENERAL_INTELLIGENCE,SERIES,MIXED_SERIES
SSC_CGL,GENERAL_INTELLIGENCE,SERIES,ODD_TERM_IN_SERIES
SSC_CGL,GENERAL_INTELLIGENCE,SIMILARITIES_AND_DIFFERENCES,ODD_ONE_OUT__REASONING
SSC_CGL,GENERAL_INTELLIGENCE,STATEMENT_AND_ASSUMPTION,STATEMENT_AND_ASSUMPTION
SSC_CGL,GENERAL_INTELLIGENCE,STATEMENT_AND_CONCLUSION,STATEMENT_AND_CONCLUSION
SSC_CGL,GENERAL_INTELLIGENCE,SYLLOGISM,SYLLOGISM
SSC_CGL,GENERAL_INTELLIGENCE,VENN_DIAGRAM,VENN_DIAGRAM
SSC_CGL,GENERAL_INTELLIGENCE,WORD_BUILDING,DICTIONARY_ORDER__REASONING
SSC_CGL,QUANTITATIVE_APTITUDE,AVERAGES,AVERAGES
SSC_CGL,QUANTITATIVE_APTITUDE,DATA_INTERPRETATION,HISTOGRAM
SSC_CGL,QUANTITATIVE_APTITUDE,DATA_INTERPRETATION,PIE_CHART
SSC_CGL,QUANTITATIVE_APTITUDE,DATA_INTERPRETATION,TABLE
SSC_CGL,QUANTITATIVE_APTITUDE,ELEMENTARY_ALGEBRA,ALGEBRAIC_EQUATIONS
SSC_CGL,QUANTITATIVE_APTITUDE,ELEMENTARY_ALGEBRA,ALGEBRAIC_EXPRESSIONS
SSC_CGL,QUANTITATIVE_APTITUDE,ELEMENTARY_ALGEBRA,AP_GP
SSC_CGL,QUANTITATIVE_APTITUDE,ELEMENTARY_ALGEBRA,SIMPLE_EQUATIONS
SSC_CGL,QUANTITATIVE_APTITUDE,GEOMETRY,CIRCLE
SSC_CGL,QUANTITATIVE_APTITUDE,GEOMETRY,COORDINATE_GEOMETRY
SSC_CGL,QUANTITATIVE_APTITUDE,GEOMETRY,QUADRILATERALS
SSC_CGL,QUANTITATIVE_APTITUDE,GEOMETRY,TRIANGLES
SSC_CGL,QUANTITATIVE_APTITUDE,INTEREST,COMPOUND_INTEREST
SSC_CGL,QUANTITATIVE_APTITUDE,INTEREST,MIX_PROBLEM__INTEREST
SSC_CGL,QUANTITATIVE_APTITUDE,INTEREST,SIMPLE_INTEREST
SSC_CGL,QUANTITATIVE_APTITUDE,MENSURATION,PERIMETER_AREA_OF_2D_SHAPES
SSC_CGL,QUANTITATIVE_APTITUDE,MENSURATION,SURFACE_AREA_VOLUME_OF_3D_SHAPES
SSC_CGL,QUANTITATIVE_APTITUDE,MIXTURES_AND_ALLEGATIONS,MILK_AND_WATER_PROBLEM
SSC_CGL,QUANTITATIVE_APTITUDE,MIXTURES_AND_ALLEGATIONS,MIXTURES_AND_ALLEGATIONS
SSC_CGL,QUANTITATIVE_APTITUDE,NUMBER_SYSTEM,DECIMAL_AND_FRACTIONS
SSC_CGL,QUANTITATIVE_APTITUDE,NUMBER_SYSTEM,DIVISIBILITY
SSC_CGL,QUANTITATIVE_APTITUDE,NUMBER_SYSTEM,HCF
SSC_CGL,QUANTITATIVE_APTITUDE,NUMBER_SYSTEM,LCM
SSC_CGL,QUANTITATIVE_APTITUDE,NUMBER_SYSTEM,NUMBER_SYSTEM_BASICS
SSC_CGL,QUANTITATIVE_APTITUDE,PERCENTAGE,PERCENTAGE
SSC_CGL,QUANTITATIVE_APTITUDE,PERCENTAGE,PERCENTAGE_CHANGE
SSC_CGL,QUANTITATIVE_APTITUDE,PROFIT_AND_LOSS,COST_PRICE_SELLING_PRICE
SSC_CGL,QUANTITATIVE_APTITUDE,PROFIT_AND_LOSS,DISCOUNT_PROBLEMS
SSC_CGL,QUANTITATIVE_APTITUDE,PROFIT_AND_LOSS,PROFIT_LOSS_PERCENTAGE
SSC_CGL,QUANTITATIVE_APTITUDE,RATIO_AND_PROPORTION,PROPORTION
SSC_CGL,QUANTITATIVE_APTITUDE,RATIO_AND_PROPORTION,RATIO
SSC_CGL,QUANTITATIVE_APTITUDE,SIMPLIFICATION,BODMAS
SSC_CGL,QUANTITATIVE_APTITUDE,SIMPLIFICATION,DIVISION_MULTIPLICATION
SSC_CGL,QUANTITATIVE_APTITUDE,SIMPLIFICATION,SURDS_AND_INDICES
SSC_CGL,QUANTITATIVE_APTITUDE,TIME_AND_DISTANCE,AVERAGE_SPEED
SSC_CGL,QUANTITATIVE_APTITUDE,TIME_AND_DISTANCE,SPEED_TIME_AND_DISTANCE
SSC_CGL,QUANTITATIVE_APTITUDE,TIME_AND_DISTANCE,TRAIN_PROBLEM
SSC_CGL,QUANTITATIVE_APTITUDE,TIME_AND_WORK,EFFICIENCY_PROBLEM
SSC_CGL,QUANTITATIVE_APTITUDE,TIME_AND_WORK,PIPE_AND_CISTERN
SSC_CGL,QUANTITATIVE_APTITUDE,TIME_AND_WORK,TIME_AND_WORK
SSC_CGL,QUANTITATIVE_APTITUDE,TRIGONOMETRY,HEIGHT_AND_DISTANCE
SSC_CGL,QUANTITATIVE_APTITUDE,TRIGONOMETRY,TRIGONOMETRY
SSC_CHSL,ENGLISH_LANGUAGE,ACTIVE_PASSIVE_VOICE,ACTIVE_PASSIVE_VOICE
SSC_CHSL,ENGLISH_LANGUAGE,ANTONYMS,ANTONYMS
SSC_CHSL,ENGLISH_LANGUAGE,CLOZE_TEST,CLOZE_TEST
SSC_CHSL,ENGLISH_LANGUAGE,COMPREHENSION_PASSAGE,COMPREHENSION_PASSAGE
SSC_CHSL,ENGLISH_LANGUAGE,DIRECT__INDIRECT_NARRATION,DIRECT__INDIRECT_NARRATION
SSC_CHSL,ENGLISH_LANGUAGE,FILL_IN_THE_BLANKS,FILL_IN_THE_BLANKS
SSC_CHSL,ENGLISH_LANGUAGE,GRAMMAR,GRAMMAR
SSC_CHSL,ENGLISH_LANGUAGE,IDIOMS_AND_PHRASES,IDIOMS_AND_PHRASES
SSC_CHSL,ENGLISH_LANGUAGE,ONE_WORD_SUBSTITUTION,ONE_WORD_SUBSTITUTION
SSC_CHSL,ENGLISH_LANGUAGE,PARA_JUMBLE,PARA_JUMBLE
SSC_CHSL,ENGLISH_LANGUAGE,PHRASE_REPLACEMENT,PHRASE_REPLACEMENT
SSC_CHSL,ENGLISH_LANGUAGE,SENTENCE_IMPROVEMENT,SENTENCE_IMPROVEMENT
SSC_CHSL,ENGLISH_LANGUAGE,SPELLINGS,SPELLINGS
SSC_CHSL,ENGLISH_LANGUAGE,SPOT_THE_ERROR,SPOT_THE_ERROR
SSC_CHSL,ENGLISH_LANGUAGE,SYNONYMS,SYNONYMS
SSC_CHSL,GENERAL,SSC_CHSL,SSC_CHSL
SSC_CHSL,GENERAL_AWARENESS,BIOLOGY,BIOLOGY
SSC_CHSL,GENERAL_AWARENESS,CHEMISTRY,CHEMISTRY
SSC_CHSL,GENERAL_AWARENESS,CURRENT_AFFAIRS,FLAGSHIP_GOVERNMENT_PROGRAMS
SSC_CHSL,GENERAL_AWARENESS,CURRENT_AFFAIRS,GAMES_AND_SPORTS__CURRENT_AFFAIRS
SSC_CHSL,GENERAL_AWARENESS,CURRENT_AFFAIRS,MISCELLANEOUS__CURRENT_AFFAIRS
SSC_CHSL,GENERAL_AWARENESS,CURRENT_AFFAIRS,SCIENCE_AND_TECHNOLOGY__CURRENT_AFFAIRS
SSC_CHSL,GENERAL_AWARENESS,ECONOMY,BASIC_ECONOMICS
SSC_CHSL,GENERAL_AWARENESS,ECONOMY,INDIAN_ECONOMY
SSC_CHSL,GENERAL_AWARENESS,GEOGRAPHY,EARTH_AND_ITS_ATMOSPHERE
SSC_CHSL,GENERAL_AWARENESS,GEOGRAPHY,INDIAN_ECONOMIC_GEOGRAPHY
SSC_CHSL,GENERAL_AWARENESS,GEOGRAPHY,INDIAN_PHYSICAL_GEOGRAPHY
SSC_CHSL,GENERAL_AWARENESS,GEOGRAPHY,MOUNTAINS
SSC_CHSL,GENERAL_AWARENESS,GEOGRAPHY,NATIONAL_PARKS_WILDLIFE_SANCTUARY
SSC_CHSL,GENERAL_AWARENESS,GEOGRAPHY,NATURAL_DISASTERS
SSC_CHSL,GENERAL_AWARENESS,GEOGRAPHY,RIVERS
SSC_CHSL,GENERAL_AWARENESS,GEOGRAPHY,UNIVERSE_AND_SOLAR_SYSTEM
SSC_CHSL,GENERAL_AWARENESS,GEOGRAPHY,WORLD_ECONOMIC_GEOGRAPHY
SSC_CHSL,GENERAL_AWARENESS,GEOGRAPHY,WORLD_GEOGRAPHY
SSC_CHSL,GENERAL_AWARENESS,HISTORY,ANCIENT_HISTORY
SSC_CHSL,GENERAL_AWARENESS,HISTORY,ART_AND_CULTURE_OF_INDIA
SSC_CHSL,GENERAL_AWARENESS,HISTORY,BUDDHISM_AND_JAINISM__ANCIENT_INDIA
SSC_CHSL,GENERAL_AWARENESS,HISTORY,DELHI_SULTANATE
SSC_CHSL,GENERAL_AWARENESS,HISTORY,FREEDOM_STRUGGLE
SSC_CHSL,GENERAL_AWARENESS,HISTORY,GUPTA_DYNASTY_AND_SOUTH_INDIA__ANCIENT_INDIA
SSC_CHSL,GENERAL_AWARENESS,HISTORY,INDIAN_LITERATURE
SSC_CHSL,GENERAL_AWARENESS,HISTORY,MUGHALS__MEDIEVAL_INDIA
SSC_CHSL,GENERAL_AWARENESS,HISTORY,PARTITION_OF_BENGAL__MODERN_INDIA
SSC_CHSL,GENERAL_AWARENESS,PHYSICS,PHYSICS
SSC_CHSL,GENERAL_AWARENESS,POLITY,CONSTITUTION
SSC_CHSL,GENERAL_AWARENESS,POLITY,POLITICAL_SYSTEM_OF_INDIA
SSC_CHSL,GENERAL_AWARENESS,SCIENCE_AND_TECHNOLOGY,COMPUTERS
SSC_CHSL,GENERAL_AWARENESS,SCIENCE_AND_TECHNOLOGY,SCIENTIFIC_DEVELOPMENTS
SSC_CHSL,GENERAL_AWARENESS,STATIC_GK,AUTHORS_AND_BOOKS
SSC_CHSL,GENERAL_AWARENESS,STATIC_GK,AWARDS
SSC_CHSL,GENERAL_AWARENESS,STATIC_GK,CENSUS
SSC_CHSL,GENERAL_AWARENESS,STATIC_GK,FAMOUS_PERSONALITIES
SSC_CHSL,GENERAL_AWARENESS,STATIC_GK,GAMES_AND_SPORTS
SSC_CHSL,GENERAL_AWARENESS,STATIC_GK,IMPORTANT_DATES
SSC_CHSL,GENERAL_AWARENESS,STATIC_GK,MISCELLANEOUS_GK
SSC_CHSL,GENERAL_INTELLIGENCE,ANALOGY,ALPHABET_ANALOGY
SSC_CHSL,GENERAL_INTELLIGENCE,ANALOGY,FIGURE_ANALOGY
SSC_CHSL,GENERAL_INTELLIGENCE,ANALOGY,NUMBER_ANALOGY
SSC_CHSL,GENERAL_INTELLIGENCE,ANALOGY,SEMANTIC_ANALOGY
SSC_CHSL,GENERAL_INTELLIGENCE,ANALYTICAL_REASONING,COUNTING_FIGURES
SSC_CHSL,GENERAL_INTELLIGENCE,BLOOD_RELATION,BLOOD_RELATION
SSC_CHSL,GENERAL_INTELLIGENCE,CODING_DECODING,CODING_DECODING
SSC_CHSL,GENERAL_INTELLIGENCE,CRITICAL_THINKING,CRITICAL_THINKING
SSC_CHSL,GENERAL_INTELLIGENCE,DISTANCE_AND_DIRECTION,DISTANCE_AND_DIRECTION
SSC_CHSL,GENERAL_INTELLIGENCE,EMBEDDED_FIGURES,EMBEDDED_FIGURES
SSC_CHSL,GENERAL_INTELLIGENCE,MATHEMATICAL_OPERATIONS,MATHEMATICAL_OPERATIONS
SSC_CHSL,GENERAL_INTELLIGENCE,MIRROR_IMAGE,MIRROR_IMAGE
SSC_CHSL,GENERAL_INTELLIGENCE,PATTERN_FOLDING__PUNCHED_HOLE,PATTERN_FOLDING__PUNCHED_HOLE
SSC_CHSL,GENERAL_INTELLIGENCE,PROBLEM_SOLVING,AGE_PROBLEM
SSC_CHSL,GENERAL_INTELLIGENCE,PROBLEM_SOLVING,ODD_DAYS
SSC_CHSL,GENERAL_INTELLIGENCE,PROBLEM_SOLVING,PROBLEM_SOLVING
SSC_CHSL,GENERAL_INTELLIGENCE,SERIES,COMPLETE_THE_SERIES
SSC_CHSL,GENERAL_INTELLIGENCE,SERIES,FIGURAL_SERIES
SSC_CHSL,GENERAL_INTELLIGENCE,SERIES,MIXED_SERIES
SSC_CHSL,GENERAL_INTELLIGENCE,SERIES,ODD_TERM_IN_SERIES
SSC_CHSL,GENERAL_INTELLIGENCE,SIMILARITIES_AND_DIFFERENCES,ODD_ONE_OUT__REASONING
SSC_CHSL,GENERAL_INTELLIGENCE,STATEMENT_AND_CONCLUSION,STATEMENT_AND_CONCLUSION
SSC_CHSL,GENERAL_INTELLIGENCE,SYLLOGISM,SYLLOGISM
SSC_CHSL,GENERAL_INTELLIGENCE,VENN_DIAGRAM,VENN_DIAGRAM
SSC_CHSL,GENERAL_INTELLIGENCE,WORD_BUILDING,DICTIONARY_ORDER__REASONING
SSC_CHSL,QUANTITATIVE_APTITUDE,AVERAGES,AVERAGES
SSC_CHSL,QUANTITATIVE_APTITUDE,DATA_INTERPRETATION,HISTOGRAM
SSC_CHSL,QUANTITATIVE_APTITUDE,DATA_INTERPRETATION,PIE_CHART
SSC_CHSL,QUANTITATIVE_APTITUDE,DATA_INTERPRETATION,TABLE
SSC_CHSL,QUANTITATIVE_APTITUDE,ELEMENTARY_ALGEBRA,ALGEBRAIC_EQUATIONS
SSC_CHSL,QUANTITATIVE_APTITUDE,ELEMENTARY_ALGEBRA,ALGEBRAIC_EXPRESSIONS
SSC_CHSL,QUANTITATIVE_APTITUDE,ELEMENTARY_ALGEBRA,AP_GP
SSC_CHSL,QUANTITATIVE_APTITUDE,ELEMENTARY_ALGEBRA,SIMPLE_EQUATIONS
SSC_CHSL,QUANTITATIVE_APTITUDE,GEOMETRY,CIRCLE
SSC_CHSL,QUANTITATIVE_APTITUDE,GEOMETRY,QUADRILATERALS
SSC_CHSL,QUANTITATIVE_APTITUDE,GEOMETRY,TRIANGLES
SSC_CHSL,QUANTITATIVE_APTITUDE,INTEREST,COMPOUND_INTEREST
SSC_CHSL,QUANTITATIVE_APTITUDE,INTEREST,MIX_PROBLEM__INTEREST
SSC_CHSL,QUANTITATIVE_APTITUDE,INTEREST,SIMPLE_INTEREST
SSC_CHSL,QUANTITATIVE_APTITUDE,MENSURATION,PERIMETER_AREA_OF_2D_SHAPES
SSC_CHSL,QUANTITATIVE_APTITUDE,MENSURATION,SURFACE_AREA_VOLUME_OF_3D_SHAPES
SSC_CHSL,QUANTITATIVE_APTITUDE,MIXTURES_AND_ALLEGATIONS,MILK_AND_WATER_PROBLEM
SSC_CHSL,QUANTITATIVE_APTITUDE,MIXTURES_AND_ALLEGATIONS,MIXTURES_AND_ALLEGATIONS
SSC_CHSL,QUANTITATIVE_APTITUDE,NUMBER_SYSTEM,DECIMAL_AND_FRACTIONS
SSC_CHSL,QUANTITATIVE_APTITUDE,NUMBER_SYSTEM,DIVISIBILITY
SSC_CHSL,QUANTITATIVE_APTITUDE,NUMBER_SYSTEM,HCF
SSC_CHSL,QUANTITATIVE_APTITUDE,NUMBER_SYSTEM,LCM
SSC_CHSL,QUANTITATIVE_APTITUDE,NUMBER_SYSTEM,NUMBER_SYSTEM_BASICS
SSC_CHSL,QUANTITATIVE_APTITUDE,PERCENTAGE,PERCENTAGE
SSC_CHSL,QUANTITATIVE_APTITUDE,PERCENTAGE,PERCENTAGE_CHANGE
SSC_CHSL,QUANTITATIVE_APTITUDE,PROFIT_AND_LOSS,COST_PRICE_SELLING_PRICE
SSC_CHSL,QUANTITATIVE_APTITUDE,PROFIT_AND_LOSS,DISCOUNT_PROBLEMS
SSC_CHSL,QUANTITATIVE_APTITUDE,PROFIT_AND_LOSS,PROFIT_LOSS_PERCENTAGE
SSC_CHSL,QUANTITATIVE_APTITUDE,RATIO_AND_PROPORTION,PROPORTION
SSC_CHSL,QUANTITATIVE_APTITUDE,RATIO_AND_PROPORTION,RATIO
SSC_CHSL,QUANTITATIVE_APTITUDE,SIMPLIFICATION,BODMAS
SSC_CHSL,QUANTITATIVE_APTITUDE,SIMPLIFICATION,DIVISION_MULTIPLICATION
SSC_CHSL,QUANTITATIVE_APTITUDE,SIMPLIFICATION,SURDS_AND_INDICES
SSC_CHSL,QUANTITATIVE_APTITUDE,TIME_AND_DISTANCE,AVERAGE_SPEED
SSC_CHSL,QUANTITATIVE_APTITUDE,TIME_AND_DISTANCE,SPEED_TIME_AND_DISTANCE
SSC_CHSL,QUANTITATIVE_APTITUDE,TIME_AND_DISTANCE,TRAIN_PROBLEM
SSC_CHSL,QUANTITATIVE_APTITUDE,TIME_AND_WORK,EFFICENCY_PROBLEM
SSC_CHSL,QUANTITATIVE_APTITUDE,TIME_AND_WORK,PIPE_AND_CISTERN
SSC_CHSL,QUANTITATIVE_APTITUDE,TIME_AND_WORK,TIME_AND_WORK
SSC_CHSL,QUANTITATIVE_APTITUDE,TRIGONOMETRY,HEIGHT_AND_DISTANCE
SSC_CHSL,QUANTITATIVE_APTITUDE,TRIGONOMETRY,TRIGONOMETRY